strategy,metric,n,mean,mean_ci95_lo,mean_ci95_hi,median,median_ci95_lo,median_ci95_hi,std,min,max
hybrid_minmax,round_recall_at_k,200,0.4105,0.3594979166666667,0.46391874999999994,0.5,0.3333333333333333,0.5,0.3761352071073432,0.0,1.0
hybrid_minmax,recall_any_at_k,200,0.63,0.565,0.7,1.0,1.0,1.0,0.48401586418620574,0.0,1.0
hybrid_minmax,session_recall_at_k,200,0.5101666666666667,0.45758333333333334,0.56341875,0.5,0.5,0.5,0.37958361947855146,0.0,1.0
hybrid_minmax,latency_ms,200,0.07539949997408253,0.07407796250504356,0.07746153743880764,0.07479999976567335,0.07379999988188495,0.075200000537734,0.01294317492742714,0.061900000218884,0.2461999993101926
hybrid_raw,round_recall_at_k,200,0.14925,0.113,0.18825,0.0,0.0,0.0,0.2720422253287328,0.0,1.0
hybrid_raw,recall_any_at_k,200,0.275,0.215,0.34,0.0,0.0,0.0,0.44763476677098096,0.0,1.0
hybrid_raw,session_recall_at_k,200,0.1709166666666667,0.13383125,0.2105833333333333,0.0,0.0,0.0,0.2790217691916864,0.0,1.0
hybrid_raw,latency_ms,200,0.07474649991763722,0.07299648740348626,0.0771979999267955,0.07314999993468516,0.0725999998394399,0.07369999958086734,0.015343461091485006,0.0616999996054801,0.2539000006436254
hybrid_rrf,round_recall_at_k,200,0.25133333333333335,0.20866458333333335,0.2943354166666666,0.0,0.0,0.25,0.30922156907758375,0.0,1.0
hybrid_rrf,recall_any_at_k,200,0.46,0.39,0.53,0.0,0.0,1.0,0.49964811738465514,0.0,1.0
hybrid_rrf,session_recall_at_k,200,0.3044166666666667,0.25908333333333333,0.34958749999999994,0.3333333333333333,0.0,0.5,0.3273477563713245,0.0,1.0
hybrid_rrf,latency_ms,200,0.07557400000450794,0.07484648742661189,0.07633999995397285,0.0753999993321485,0.07420000018782952,0.0758999999561638,0.005527666703641239,0.0622999996267026,0.1148999999713851
recency,round_recall_at_k,200,0.0075,0.0,0.0175,0.0,0.0,0.0,0.06092874163963133,0.0,0.5
recency,recall_any_at_k,200,0.015,0.0,0.035,0.0,0.0,0.0,0.12185748327926266,0.0,1.0
recency,session_recall_at_k,200,0.02958333333333333,0.012916666666666665,0.04958333333333333,0.0,0.0,0.0,0.1346815992102453,0.0,1.0
recency,latency_ms,200,0.020960000006198198,0.02012050004555017,0.021808512518873568,0.0173499997799808,0.0165999999808263,0.0207499997486593,0.006071740268322249,0.0135999998747138,0.033399999665562
semantic,round_recall_at_k,200,0.6520833333333332,0.5992458333333333,0.7049166666666667,0.6666666666666666,0.5,1.0,0.38065643696633905,0.0,1.0
semantic,recall_any_at_k,200,0.835,0.785,0.885,1.0,1.0,1.0,0.37211199481260626,0.0,1.0
semantic,session_recall_at_k,200,0.8278333333333333,0.7855833333333334,0.8675854166666666,1.0,1.0,1.0,0.2942455266056136,0.0,1.0
semantic,latency_ms,200,0.0749850000647711,0.0743514875318851,0.07563350007222876,0.0748000002204207,0.0741000003472436,0.07589999995616376,0.0046650497006625775,0.0626000000920612,0.0878999999258667
