subset,max_seq_length,k,strategy,metric,n,mean,median,std
all,512,5,hybrid_minmax,round_recall_at_k,200,0.4105,0.5,0.3761352071073432
all,512,5,hybrid_minmax,recall_any_at_k,200,0.63,1.0,0.48401586418620574
all,512,5,hybrid_minmax,session_recall_at_k,200,0.5101666666666667,0.5,0.37958361947855146
all,512,5,hybrid_minmax,latency_ms,200,0.07539949997408253,0.07479999976567335,0.01294317492742714
all,512,5,hybrid_raw,round_recall_at_k,200,0.14925,0.0,0.2720422253287328
all,512,5,hybrid_raw,recall_any_at_k,200,0.275,0.0,0.44763476677098096
all,512,5,hybrid_raw,session_recall_at_k,200,0.1709166666666667,0.0,0.2790217691916864
all,512,5,hybrid_raw,latency_ms,200,0.07474649991763722,0.07314999993468516,0.015343461091485006
all,512,5,hybrid_rrf,round_recall_at_k,200,0.25133333333333335,0.0,0.30922156907758375
all,512,5,hybrid_rrf,recall_any_at_k,200,0.46,0.0,0.49964811738465514
all,512,5,hybrid_rrf,session_recall_at_k,200,0.3044166666666667,0.3333333333333333,0.3273477563713245
all,512,5,hybrid_rrf,latency_ms,200,0.07557400000450794,0.0753999993321485,0.005527666703641239
all,512,5,recency,round_recall_at_k,200,0.0075,0.0,0.06092874163963133
all,512,5,recency,recall_any_at_k,200,0.015,0.0,0.12185748327926266
all,512,5,recency,session_recall_at_k,200,0.02958333333333333,0.0,0.1346815992102453
all,512,5,recency,latency_ms,200,0.020960000006198198,0.0173499997799808,0.006071740268322249
all,512,5,semantic,round_recall_at_k,200,0.6520833333333332,0.6666666666666666,0.38065643696633905
all,512,5,semantic,recall_any_at_k,200,0.835,1.0,0.37211199481260626
all,512,5,semantic,session_recall_at_k,200,0.8278333333333333,1.0,0.2942455266056136
all,512,5,semantic,latency_ms,200,0.0749850000647711,0.0748000002204207,0.0046650497006625775
all,512,10,hybrid_minmax,round_recall_at_k,200,0.5210833333333333,0.5,0.39327284795989953
all,512,10,hybrid_minmax,recall_any_at_k,200,0.72,1.0,0.4501256106095643
all,512,10,hybrid_minmax,session_recall_at_k,200,0.5883333333333334,0.5,0.37968734382643904
all,512,10,hybrid_minmax,latency_ms,200,0.07642650002026126,0.0756499998715298,0.006849769646708373
all,512,10,hybrid_raw,round_recall_at_k,200,0.17300000000000001,0.0,0.2904422012210684
all,512,10,hybrid_raw,recall_any_at_k,200,0.31,0.0,0.46365383032156576
all,512,10,hybrid_raw,session_recall_at_k,200,0.19674999999999998,0.0,0.3068076359229615
all,512,10,hybrid_raw,latency_ms,200,0.07470000007060658,0.0743000000511528,0.004700924736815716
all,512,10,hybrid_rrf,round_recall_at_k,200,0.40508333333333335,0.5,0.36433780557574263
all,512,10,hybrid_rrf,recall_any_at_k,200,0.64,1.0,0.4812045188324021
all,512,10,hybrid_rrf,session_recall_at_k,200,0.46583333333333327,0.5,0.35582317800186947
all,512,10,hybrid_rrf,latency_ms,200,0.07688800005780645,0.0765499999033636,0.005516667840300585
all,512,10,recency,round_recall_at_k,200,0.05625,0.0,0.18435028970205833
all,512,10,recency,recall_any_at_k,200,0.1,0.0,0.3007528242702513
all,512,10,recency,session_recall_at_k,200,0.06724999999999999,0.0,0.19454005585825596
all,512,10,recency,latency_ms,200,0.020396500021888593,0.017500000012660152,0.00571131627785809
all,512,10,semantic,round_recall_at_k,200,0.805,1.0,0.3093192395564799
all,512,10,semantic,recall_any_at_k,200,0.925,1.0,0.2640523018086611
all,512,10,semantic,session_recall_at_k,200,0.8926666666666666,1.0,0.2539670729612805
all,512,10,semantic,latency_ms,200,0.07489250002436161,0.07429999914165811,0.005124627069497841
all,1024,5,hybrid_minmax,round_recall_at_k,200,0.40824999999999995,0.5,0.37790747991064905
all,1024,5,hybrid_minmax,recall_any_at_k,200,0.62,1.0,0.48660447963206216
all,1024,5,hybrid_minmax,session_recall_at_k,200,0.5001666666666666,0.5,0.37304483798145766
all,1024,5,hybrid_minmax,latency_ms,200,0.0745205000384885,0.0733999995645717,0.010673610422711281
all,1024,5,hybrid_raw,round_recall_at_k,200,0.14408333333333334,0.0,0.2711355934772328
all,1024,5,hybrid_raw,recall_any_at_k,200,0.26,0.0,0.4397349590046876
all,1024,5,hybrid_raw,session_recall_at_k,200,0.1709166666666667,0.0,0.2790217691916864
all,1024,5,hybrid_raw,latency_ms,200,0.0729744999989634,0.0727000006008893,0.004922525360931263
all,1024,5,hybrid_rrf,round_recall_at_k,200,0.24908333333333332,0.0,0.31279345796843383
all,1024,5,hybrid_rrf,recall_any_at_k,200,0.45,0.0,0.4987421363720584
all,1024,5,hybrid_rrf,session_recall_at_k,200,0.3110833333333333,0.3333333333333333,0.3235856028604478
all,1024,5,hybrid_rrf,latency_ms,200,0.07455300002220606,0.0743000000511528,0.0056045827287109756
all,1024,5,recency,round_recall_at_k,200,0.0075,0.0,0.06092874163963133
all,1024,5,recency,recall_any_at_k,200,0.015,0.0,0.12185748327926266
all,1024,5,recency,session_recall_at_k,200,0.02958333333333333,0.0,0.1346815992102453
all,1024,5,recency,latency_ms,200,0.020506000018940488,0.01694999991741495,0.005897573352742191
all,1024,5,semantic,round_recall_at_k,200,0.6404166666666665,0.6666666666666666,0.38513500392085176
all,1024,5,semantic,recall_any_at_k,200,0.825,1.0,0.38092059869815764
all,1024,5,semantic,session_recall_at_k,200,0.8080833333333334,1.0,0.30886753714128135
all,1024,5,semantic,latency_ms,200,0.07467450002877735,0.0742000001991982,0.005288215718054783
all,1024,10,hybrid_minmax,round_recall_at_k,200,0.5300833333333332,0.5,0.3918156903135445
all,1024,10,hybrid_minmax,recall_any_at_k,200,0.73,1.0,0.4450735357907798
all,1024,10,hybrid_minmax,session_recall_at_k,200,0.5843333333333334,0.5,0.3758505708274098
all,1024,10,hybrid_minmax,latency_ms,200,0.07667200008654612,0.0756999997975071,0.012077147925365498
all,1024,10,hybrid_raw,round_recall_at_k,200,0.172,0.0,0.286338677232548
all,1024,10,hybrid_raw,recall_any_at_k,200,0.31,0.0,0.4636538303215657
all,1024,10,hybrid_raw,session_recall_at_k,200,0.20091666666666666,0.0,0.3079588132417489
all,1024,10,hybrid_raw,latency_ms,200,0.07466699997166866,0.0738999997338396,0.008612402540064045
all,1024,10,hybrid_rrf,round_recall_at_k,200,0.40425,0.5,0.36469317201620716
all,1024,10,hybrid_rrf,recall_any_at_k,200,0.64,1.0,0.4812045188324021
all,1024,10,hybrid_rrf,session_recall_at_k,200,0.46333333333333326,0.5,0.35733519587504287
all,1024,10,hybrid_rrf,latency_ms,200,0.07632350007952478,0.076299998909235,0.0051024180859925265
all,1024,10,recency,round_recall_at_k,200,0.05625,0.0,0.18435028970205833
all,1024,10,recency,recall_any_at_k,200,0.1,0.0,0.3007528242702513
all,1024,10,recency,session_recall_at_k,200,0.06724999999999999,0.0,0.19454005585825596
all,1024,10,recency,latency_ms,200,0.020154000030743146,0.01694999991741495,0.005816627052538761
all,1024,10,semantic,round_recall_at_k,200,0.8,1.0,0.3151931688161114
all,1024,10,semantic,recall_any_at_k,200,0.92,1.0,0.2719739863410307
all,1024,10,semantic,session_recall_at_k,200,0.8880833333333333,1.0,0.25588755502209765
all,1024,10,semantic,latency_ms,200,0.07473050006410627,0.0742000001991982,0.0053682595861566694
over_512_rounds,512,5,hybrid_minmax,round_recall_at_k,200,0.4105,0.5,0.3761352071073432
over_512_rounds,512,5,hybrid_minmax,recall_any_at_k,200,0.63,1.0,0.48401586418620574
over_512_rounds,512,5,hybrid_minmax,session_recall_at_k,200,0.5101666666666667,0.5,0.37958361947855146
over_512_rounds,512,5,hybrid_minmax,latency_ms,200,0.07539949997408253,0.07479999976567335,0.01294317492742714
over_512_rounds,512,5,hybrid_raw,round_recall_at_k,200,0.14925,0.0,0.2720422253287328
over_512_rounds,512,5,hybrid_raw,recall_any_at_k,200,0.275,0.0,0.44763476677098096
over_512_rounds,512,5,hybrid_raw,session_recall_at_k,200,0.1709166666666667,0.0,0.2790217691916864
over_512_rounds,512,5,hybrid_raw,latency_ms,200,0.07474649991763722,0.07314999993468516,0.015343461091485006
over_512_rounds,512,5,hybrid_rrf,round_recall_at_k,200,0.25133333333333335,0.0,0.30922156907758375
over_512_rounds,512,5,hybrid_rrf,recall_any_at_k,200,0.46,0.0,0.49964811738465514
over_512_rounds,512,5,hybrid_rrf,session_recall_at_k,200,0.3044166666666667,0.3333333333333333,0.3273477563713245
over_512_rounds,512,5,hybrid_rrf,latency_ms,200,0.07557400000450794,0.0753999993321485,0.005527666703641239
over_512_rounds,512,5,recency,round_recall_at_k,200,0.0075,0.0,0.06092874163963133
over_512_rounds,512,5,recency,recall_any_at_k,200,0.015,0.0,0.12185748327926266
over_512_rounds,512,5,recency,session_recall_at_k,200,0.02958333333333333,0.0,0.1346815992102453
over_512_rounds,512,5,recency,latency_ms,200,0.020960000006198198,0.0173499997799808,0.006071740268322249
over_512_rounds,512,5,semantic,round_recall_at_k,200,0.6520833333333332,0.6666666666666666,0.38065643696633905
over_512_rounds,512,5,semantic,recall_any_at_k,200,0.835,1.0,0.37211199481260626
over_512_rounds,512,5,semantic,session_recall_at_k,200,0.8278333333333333,1.0,0.2942455266056136
over_512_rounds,512,5,semantic,latency_ms,200,0.0749850000647711,0.0748000002204207,0.0046650497006625775
over_512_rounds,512,10,hybrid_minmax,round_recall_at_k,200,0.5210833333333333,0.5,0.39327284795989953
over_512_rounds,512,10,hybrid_minmax,recall_any_at_k,200,0.72,1.0,0.4501256106095643
over_512_rounds,512,10,hybrid_minmax,session_recall_at_k,200,0.5883333333333334,0.5,0.37968734382643904
over_512_rounds,512,10,hybrid_minmax,latency_ms,200,0.07642650002026126,0.0756499998715298,0.006849769646708373
over_512_rounds,512,10,hybrid_raw,round_recall_at_k,200,0.17300000000000001,0.0,0.2904422012210684
over_512_rounds,512,10,hybrid_raw,recall_any_at_k,200,0.31,0.0,0.46365383032156576
over_512_rounds,512,10,hybrid_raw,session_recall_at_k,200,0.19674999999999998,0.0,0.3068076359229615
over_512_rounds,512,10,hybrid_raw,latency_ms,200,0.07470000007060658,0.0743000000511528,0.004700924736815716
over_512_rounds,512,10,hybrid_rrf,round_recall_at_k,200,0.40508333333333335,0.5,0.36433780557574263
over_512_rounds,512,10,hybrid_rrf,recall_any_at_k,200,0.64,1.0,0.4812045188324021
over_512_rounds,512,10,hybrid_rrf,session_recall_at_k,200,0.46583333333333327,0.5,0.35582317800186947
over_512_rounds,512,10,hybrid_rrf,latency_ms,200,0.07688800005780645,0.0765499999033636,0.005516667840300585
over_512_rounds,512,10,recency,round_recall_at_k,200,0.05625,0.0,0.18435028970205833
over_512_rounds,512,10,recency,recall_any_at_k,200,0.1,0.0,0.3007528242702513
over_512_rounds,512,10,recency,session_recall_at_k,200,0.06724999999999999,0.0,0.19454005585825596
over_512_rounds,512,10,recency,latency_ms,200,0.020396500021888593,0.017500000012660152,0.00571131627785809
over_512_rounds,512,10,semantic,round_recall_at_k,200,0.805,1.0,0.3093192395564799
over_512_rounds,512,10,semantic,recall_any_at_k,200,0.925,1.0,0.2640523018086611
over_512_rounds,512,10,semantic,session_recall_at_k,200,0.8926666666666666,1.0,0.2539670729612805
over_512_rounds,512,10,semantic,latency_ms,200,0.07489250002436161,0.07429999914165811,0.005124627069497841
over_512_rounds,1024,5,hybrid_minmax,round_recall_at_k,200,0.40824999999999995,0.5,0.37790747991064905
over_512_rounds,1024,5,hybrid_minmax,recall_any_at_k,200,0.62,1.0,0.48660447963206216
over_512_rounds,1024,5,hybrid_minmax,session_recall_at_k,200,0.5001666666666666,0.5,0.37304483798145766
over_512_rounds,1024,5,hybrid_minmax,latency_ms,200,0.0745205000384885,0.0733999995645717,0.010673610422711281
over_512_rounds,1024,5,hybrid_raw,round_recall_at_k,200,0.14408333333333334,0.0,0.2711355934772328
over_512_rounds,1024,5,hybrid_raw,recall_any_at_k,200,0.26,0.0,0.4397349590046876
over_512_rounds,1024,5,hybrid_raw,session_recall_at_k,200,0.1709166666666667,0.0,0.2790217691916864
over_512_rounds,1024,5,hybrid_raw,latency_ms,200,0.0729744999989634,0.0727000006008893,0.004922525360931263
over_512_rounds,1024,5,hybrid_rrf,round_recall_at_k,200,0.24908333333333332,0.0,0.31279345796843383
over_512_rounds,1024,5,hybrid_rrf,recall_any_at_k,200,0.45,0.0,0.4987421363720584
over_512_rounds,1024,5,hybrid_rrf,session_recall_at_k,200,0.3110833333333333,0.3333333333333333,0.3235856028604478
over_512_rounds,1024,5,hybrid_rrf,latency_ms,200,0.07455300002220606,0.0743000000511528,0.0056045827287109756
over_512_rounds,1024,5,recency,round_recall_at_k,200,0.0075,0.0,0.06092874163963133
over_512_rounds,1024,5,recency,recall_any_at_k,200,0.015,0.0,0.12185748327926266
over_512_rounds,1024,5,recency,session_recall_at_k,200,0.02958333333333333,0.0,0.1346815992102453
over_512_rounds,1024,5,recency,latency_ms,200,0.020506000018940488,0.01694999991741495,0.005897573352742191
over_512_rounds,1024,5,semantic,round_recall_at_k,200,0.6404166666666665,0.6666666666666666,0.38513500392085176
over_512_rounds,1024,5,semantic,recall_any_at_k,200,0.825,1.0,0.38092059869815764
over_512_rounds,1024,5,semantic,session_recall_at_k,200,0.8080833333333334,1.0,0.30886753714128135
over_512_rounds,1024,5,semantic,latency_ms,200,0.07467450002877735,0.0742000001991982,0.005288215718054783
over_512_rounds,1024,10,hybrid_minmax,round_recall_at_k,200,0.5300833333333332,0.5,0.3918156903135445
over_512_rounds,1024,10,hybrid_minmax,recall_any_at_k,200,0.73,1.0,0.4450735357907798
over_512_rounds,1024,10,hybrid_minmax,session_recall_at_k,200,0.5843333333333334,0.5,0.3758505708274098
over_512_rounds,1024,10,hybrid_minmax,latency_ms,200,0.07667200008654612,0.0756999997975071,0.012077147925365498
over_512_rounds,1024,10,hybrid_raw,round_recall_at_k,200,0.172,0.0,0.286338677232548
over_512_rounds,1024,10,hybrid_raw,recall_any_at_k,200,0.31,0.0,0.4636538303215657
over_512_rounds,1024,10,hybrid_raw,session_recall_at_k,200,0.20091666666666666,0.0,0.3079588132417489
over_512_rounds,1024,10,hybrid_raw,latency_ms,200,0.07466699997166866,0.0738999997338396,0.008612402540064045
over_512_rounds,1024,10,hybrid_rrf,round_recall_at_k,200,0.40425,0.5,0.36469317201620716
over_512_rounds,1024,10,hybrid_rrf,recall_any_at_k,200,0.64,1.0,0.4812045188324021
over_512_rounds,1024,10,hybrid_rrf,session_recall_at_k,200,0.46333333333333326,0.5,0.35733519587504287
over_512_rounds,1024,10,hybrid_rrf,latency_ms,200,0.07632350007952478,0.076299998909235,0.0051024180859925265
over_512_rounds,1024,10,recency,round_recall_at_k,200,0.05625,0.0,0.18435028970205833
over_512_rounds,1024,10,recency,recall_any_at_k,200,0.1,0.0,0.3007528242702513
over_512_rounds,1024,10,recency,session_recall_at_k,200,0.06724999999999999,0.0,0.19454005585825596
over_512_rounds,1024,10,recency,latency_ms,200,0.020154000030743146,0.01694999991741495,0.005816627052538761
over_512_rounds,1024,10,semantic,round_recall_at_k,200,0.8,1.0,0.3151931688161114
over_512_rounds,1024,10,semantic,recall_any_at_k,200,0.92,1.0,0.2719739863410307
over_512_rounds,1024,10,semantic,session_recall_at_k,200,0.8880833333333333,1.0,0.25588755502209765
over_512_rounds,1024,10,semantic,latency_ms,200,0.07473050006410627,0.0742000001991982,0.0053682595861566694
