task_type,strategy,metric,n,mean,mean_ci95_lo,mean_ci95_hi,median,median_ci95_lo,median_ci95_hi,std,min,max
IE,hybrid_minmax,round_recall_at_k,50,0.6033333333333334,0.47,0.7366666666666666,1.0,0.0,1.0,0.4843234053788155,0.0,1.0
IE,hybrid_minmax,recall_any_at_k,50,0.62,0.48,0.76,1.0,0.0,1.0,0.49031435147801467,0.0,1.0
IE,hybrid_minmax,session_recall_at_k,50,0.62,0.48,0.76,1.0,0.0,1.0,0.49031435147801467,0.0,1.0
IE,hybrid_minmax,latency_ms,50,0.07760800010146336,0.07494595016578383,0.08164005020444161,0.0756999997975071,0.0746499999877414,0.07784999979776325,0.012786390122113396,0.0669000000925734,0.160600000526756
IE,hybrid_raw,round_recall_at_k,50,0.18,0.08,0.3,0.0,0.0,0.0,0.3880879344916036,0.0,1.0
IE,hybrid_raw,recall_any_at_k,50,0.18,0.08,0.3,0.0,0.0,0.0,0.3880879344916036,0.0,1.0
IE,hybrid_raw,session_recall_at_k,50,0.2,0.1,0.32,0.0,0.0,0.0,0.4040610178208843,0.0,1.0
IE,hybrid_raw,latency_ms,50,0.07413800001813793,0.07314194986156504,0.0751800502366677,0.0738999997338396,0.0731000000087078,0.0748500006011454,0.0036555180605313833,0.0664999988657655,0.083999999333173
IE,hybrid_rrf,round_recall_at_k,50,0.4233333333333333,0.29,0.56,0.0,0.0,1.0,0.48935377814154646,0.0,1.0
IE,hybrid_rrf,recall_any_at_k,50,0.44,0.3,0.58,0.0,0.0,1.0,0.501426536422407,0.0,1.0
IE,hybrid_rrf,session_recall_at_k,50,0.46,0.32,0.6,0.0,0.0,1.0,0.5034574339058886,0.0,1.0
IE,hybrid_rrf,latency_ms,50,0.07755000006000042,0.07585194997591312,0.07941215019764054,0.07664999975531825,0.07530000038968859,0.0773499996284954,0.0064095034448157584,0.0691000004735542,0.1004000005195848
IE,recency,round_recall_at_k,50,0.08,0.02,0.16,0.0,0.0,0.0,0.27404751561786966,0.0,1.0
IE,recency,recall_any_at_k,50,0.08,0.02,0.16,0.0,0.0,0.0,0.27404751561786966,0.0,1.0
IE,recency,session_recall_at_k,50,0.08,0.02,0.16,0.0,0.0,0.0,0.27404751561786966,0.0,1.0
IE,recency,latency_ms,50,0.01527999997051661,0.015061999838508158,0.015515999985836923,0.015149999853747351,0.0149000006786081,0.015499999790336,0.0008278320968746304,0.0139000003400724,0.0173999997059581
IE,semantic,round_recall_at_k,50,0.8633333333333334,0.7666666666666666,0.9466666666666665,1.0,1.0,1.0,0.3328057048612728,0.0,1.0
IE,semantic,recall_any_at_k,50,0.88,0.78,0.96,1.0,1.0,1.0,0.3282607226593159,0.0,1.0
IE,semantic,session_recall_at_k,50,0.88,0.78,0.96,1.0,1.0,1.0,0.3282607226593159,0.0,1.0
IE,semantic,latency_ms,50,0.07520600000134432,0.073830000072121,0.07666400011657966,0.074799999310926,0.0736000001779757,0.0760000002628658,0.005106914611107378,0.0658999997540377,0.0873000008141389
KU,hybrid_minmax,round_recall_at_k,50,0.5533333333333332,0.46,0.6433333333333333,0.5,0.5,0.5,0.33913321551933057,0.0,1.0
KU,hybrid_minmax,recall_any_at_k,50,0.82,0.7,0.92,1.0,1.0,1.0,0.38808793449160356,0.0,1.0
KU,hybrid_minmax,session_recall_at_k,50,0.61,0.53,0.69,0.5,0.5,0.5,0.3078894580321758,0.0,1.0
KU,hybrid_minmax,latency_ms,50,0.0751440002568415,0.07401600007051451,0.07622205027837477,0.07525000000896395,0.07380000079137965,0.0765500008128583,0.003965111159053086,0.0642000013613142,0.0829000000521773
KU,hybrid_raw,round_recall_at_k,50,0.2033333333333333,0.13333333333333333,0.2766666666666666,0.0,0.0,0.3333333333333333,0.2636091726749419,0.0,1.0
KU,hybrid_raw,recall_any_at_k,50,0.4,0.26,0.54,0.0,0.0,1.0,0.4948716593053935,0.0,1.0
KU,hybrid_raw,session_recall_at_k,50,0.23,0.15,0.31,0.0,0.0,0.5,0.28943999413364013,0.0,1.0
KU,hybrid_raw,latency_ms,50,0.07581199999549422,0.07309000014720364,0.08025799997994905,0.07330000062211181,0.07295000068552325,0.0746999994589714,0.01417142327892842,0.0632999999652383,0.1706999992165947
KU,hybrid_rrf,round_recall_at_k,50,0.41666666666666663,0.33333333333333337,0.5,0.5,0.5,0.5,0.30163951093618874,0.0,1.0
KU,hybrid_rrf,recall_any_at_k,50,0.72,0.6,0.84,1.0,1.0,1.0,0.4535573676110727,0.0,1.0
KU,hybrid_rrf,session_recall_at_k,50,0.47,0.39,0.55,0.5,0.5,0.5,0.2929442379201411,0.0,1.0
KU,hybrid_rrf,latency_ms,50,0.07596799994644239,0.07478395002635803,0.07711004987231714,0.07604999973409575,0.0744999997550621,0.07790000017848789,0.004219364165880926,0.0644000010652234,0.0844999995024409
KU,recency,round_recall_at_k,50,0.07666666666666666,0.03,0.12999999999999998,0.0,0.0,0.0,0.17884106626870405,0.0,0.5
KU,recency,recall_any_at_k,50,0.16,0.06,0.26,0.0,0.0,0.0,0.3703280399090206,0.0,1.0
KU,recency,session_recall_at_k,50,0.11,0.06,0.17,0.0,0.0,0.0,0.20922597879824012,0.0,0.5
KU,recency,latency_ms,50,0.022674000138067595,0.021626000050673565,0.023694050260019094,0.02315000074304405,0.021699999706470352,0.024400000256719,0.0037546603440306073,0.0137000006361631,0.0318999991577584
KU,semantic,round_recall_at_k,50,0.8566666666666666,0.7866666666666666,0.92,1.0,1.0,1.0,0.24515717573900736,0.0,1.0
KU,semantic,recall_any_at_k,50,0.98,0.94,1.0,1.0,1.0,1.0,0.14142135623730948,0.0,1.0
KU,semantic,session_recall_at_k,50,0.93,0.88,0.97,1.0,1.0,1.0,0.1752549163769328,0.5,1.0
KU,semantic,latency_ms,50,0.075614000124915,0.07397590009350093,0.07741000001260541,0.0745500001357868,0.0731000000087078,0.07665000066481295,0.006245815076614632,0.0630000013188691,0.0989999989542411
MR,hybrid_minmax,round_recall_at_k,50,0.475,0.382,0.5700083333333331,0.5,0.45,0.5,0.3432578676721349,0.0,1.0
MR,hybrid_minmax,recall_any_at_k,50,0.76,0.64,0.88,1.0,1.0,1.0,0.4314191105869,0.0,1.0
MR,hybrid_minmax,session_recall_at_k,50,0.5586666666666666,0.4653333333333334,0.6490083333333332,0.5,0.5,0.6666666666666666,0.33304817734882464,0.0,1.0
MR,hybrid_minmax,latency_ms,50,0.07539399986853819,0.07394194980315656,0.07701604977864913,0.0756999997975071,0.0736000001779757,0.0764999986131442,0.005530044369905509,0.0621999988652532,0.1008999988698633
MR,hybrid_raw,round_recall_at_k,50,0.16066666666666665,0.10233333333333333,0.22299999999999998,0.0,0.0,0.2,0.2201257113519135,0.0,0.6666666666666666
MR,hybrid_raw,recall_any_at_k,50,0.38,0.24,0.52,0.0,0.0,1.0,0.49031435147801467,0.0,1.0
MR,hybrid_raw,session_recall_at_k,50,0.19299999999999998,0.12699166666666667,0.26366666666666666,0.0,0.0,0.25,0.2492412522317663,0.0,1.0
MR,hybrid_raw,latency_ms,50,0.07423599989124337,0.07238394987052739,0.07680614995570063,0.07365000055870036,0.0718999999662628,0.07445000028383215,0.008322498597563139,0.061999999161344,0.1259999989997595
MR,hybrid_rrf,round_recall_at_k,50,0.38166666666666665,0.30299166666666666,0.4623333333333333,0.5,0.3333333333333333,0.5,0.2966794692643783,0.0,1.0
MR,hybrid_rrf,recall_any_at_k,50,0.74,0.62,0.86,1.0,1.0,1.0,0.4430874976934521,0.0,1.0
MR,hybrid_rrf,session_recall_at_k,50,0.4466666666666667,0.37,0.5236666666666666,0.5,0.3666666666666667,0.5,0.280305955290694,0.0,1.0
MR,hybrid_rrf,latency_ms,50,0.07577200016385173,0.07456400013234084,0.07692805044825941,0.0765499999033636,0.07499999992433,0.0771499999245861,0.004272362151607555,0.0626000000920612,0.0847999999677995
MR,recency,round_recall_at_k,50,0.04833333333333333,0.015,0.08833333333333332,0.0,0.0,0.0,0.13686852522504547,0.0,0.5
MR,recency,recall_any_at_k,50,0.12,0.04,0.22,0.0,0.0,0.0,0.3282607226593159,0.0,1.0
MR,recency,session_recall_at_k,50,0.055,0.02,0.09666666666666666,0.0,0.0,0.0,0.14246971273789755,0.0,0.5
MR,recency,latency_ms,50,0.015023999985714862,0.014809999956923954,0.015236000036566073,0.0149999996210681,0.014750000445928849,0.0153000000864267,0.0007752708337988434,0.0130999997054459,0.0168999995366903
MR,semantic,round_recall_at_k,50,0.7419999999999999,0.6553333333333333,0.8220000000000001,0.875,0.6666666666666666,1.0,0.3048593594183116,0.0,1.0
MR,semantic,recall_any_at_k,50,0.94,0.86,1.0,1.0,1.0,1.0,0.23989793748209526,0.0,1.0
MR,semantic,session_recall_at_k,50,0.8983333333333334,0.8349583333333332,0.9533333333333333,1.0,1.0,1.0,0.21840615184910175,0.0,1.0
MR,semantic,latency_ms,50,0.07368600010522637,0.07239795012264945,0.07497210024848751,0.07409999943774885,0.0715999995009042,0.0753000003896886,0.004645032972278053,0.0610000006417976,0.0837999996292637
TR,hybrid_minmax,round_recall_at_k,50,0.4886666666666666,0.3853333333333333,0.5933333333333333,0.5,0.41666666666666663,0.5,0.38104820223470925,0.0,1.0
TR,hybrid_minmax,recall_any_at_k,50,0.72,0.6,0.84,1.0,1.0,1.0,0.4535573676110727,0.0,1.0
TR,hybrid_minmax,session_recall_at_k,50,0.5486666666666666,0.4533333333333333,0.6459999999999999,0.5,0.5,0.5,0.35162144662030503,0.0,1.0
TR,hybrid_minmax,latency_ms,50,0.0785420001193415,0.0749820003247805,0.08449410025696119,0.0757999987399671,0.0744999997550621,0.0775999997131293,0.019340462755823677,0.0677000007271999,0.2093999992212047
TR,hybrid_raw,round_recall_at_k,50,0.14400000000000002,0.08066666666666666,0.21666666666666665,0.0,0.0,0.0,0.24984711878754956,0.0,1.0
TR,hybrid_raw,recall_any_at_k,50,0.28,0.16,0.4,0.0,0.0,0.0,0.4535573676110727,0.0,1.0
TR,hybrid_raw,session_recall_at_k,50,0.18066666666666667,0.11066666666666666,0.26001666666666645,0.0,0.0,0.0833333333333333,0.2732262939575007,0.0,1.0
TR,hybrid_raw,latency_ms,50,0.07448199998179912,0.07341199990787568,0.07562405005228351,0.0745999986975221,0.07314999947993775,0.07555000047432256,0.0039914035353394136,0.0669000000925734,0.0866000009409617
TR,hybrid_rrf,round_recall_at_k,50,0.3953333333333333,0.302,0.49199999999999994,0.5,0.24999999999999994,0.5,0.3471954366085679,0.0,1.0
TR,hybrid_rrf,recall_any_at_k,50,0.66,0.52,0.78,1.0,1.0,1.0,0.4785181206984065,0.0,1.0
TR,hybrid_rrf,session_recall_at_k,50,0.4766666666666666,0.39133333333333326,0.5646666666666667,0.5,0.5,0.5,0.31653237395908235,0.0,1.0
TR,hybrid_rrf,latency_ms,50,0.07600400014780458,0.07462390012460669,0.07744405019093387,0.07564999941678249,0.07410000034724355,0.0764999986131442,0.005149398933333984,0.0682000008964678,0.0899000006029382
TR,recency,round_recall_at_k,50,0.02,0.0,0.05,0.0,0.0,0.0,0.09897433186107871,0.0,0.5
TR,recency,recall_any_at_k,50,0.04,0.0,0.1,0.0,0.0,0.0,0.19794866372215741,0.0,1.0
TR,recency,session_recall_at_k,50,0.024,0.0,0.054000000000000006,0.0,0.0,0.0,0.10214035960982558,0.0,0.5
TR,recency,latency_ms,50,0.02763800002867351,0.02690400007759303,0.028369999968162984,0.0278999996226048,0.026999999136023647,0.0286000004052766,0.0027004073514401883,0.0213000002986518,0.0333000007231021
TR,semantic,round_recall_at_k,50,0.738,0.638,0.8306666666666667,1.0,0.6666666666666666,1.0,0.3534738521762757,0.0,1.0
TR,semantic,recall_any_at_k,50,0.88,0.78,0.96,1.0,1.0,1.0,0.3282607226593159,0.0,1.0
TR,semantic,session_recall_at_k,50,0.8439999999999999,0.7633333333333334,0.9153333333333333,1.0,1.0,1.0,0.2753221160272021,0.0,1.0
TR,semantic,latency_ms,50,0.07441600002493938,0.07299594987216547,0.07592799993744843,0.07385000117210436,0.0724000001355307,0.0755000000935979,0.005303651503378802,0.0650999991194112,0.0928999997995561
