strategy,metric,k5_n,k5_mean,k5_mean_ci95_lo,k5_mean_ci95_hi,k5_median,k10_n,k10_mean,k10_mean_ci95_lo,k10_mean_ci95_hi,k10_median,mean_difference_k10_minus_k5
recency,round_recall_at_k,200,0.0075,0.0,0.0175,0.0,200,0.05625,0.0325,0.08333333333333331,0.0,0.04875
recency,recall_any_at_k,200,0.015,0.0,0.035,0.0,200,0.1,0.06,0.145,0.0,0.085
recency,session_recall_at_k,200,0.02958333333333333,0.012916666666666665,0.04958333333333333,0.0,200,0.06724999999999999,0.041833333333333333,0.09508333333333333,0.0,0.03766666666666666
recency,latency_ms,200,0.020506000018940488,0.019684974995243406,0.021339524999802916,0.01694999991741495,200,0.020154000030743146,0.019343987521779078,0.020972512574644452,0.01694999991741495,-0.0003519999881973421
semantic,round_recall_at_k,200,0.6404166666666665,0.5866666666666667,0.6940833333333333,0.6666666666666666,200,0.8,0.7550812499999999,0.8428354166666666,1.0,0.15958333333333352
semantic,recall_any_at_k,200,0.825,0.77,0.875,1.0,200,0.92,0.88,0.955,1.0,0.09500000000000008
semantic,session_recall_at_k,200,0.8080833333333334,0.7635833333333334,0.8500874999999999,1.0,200,0.8880833333333333,0.8510833333333333,0.9218333333333334,1.0,0.07999999999999996
semantic,latency_ms,200,0.07467450002877735,0.07394750004800694,0.07541252507235181,0.0742000001991982,200,0.07473050006410627,0.07400598755953065,0.07548501260475855,0.0742000001991982,5.600003532892084e-05
hybrid_raw,round_recall_at_k,200,0.14408333333333334,0.10766666666666666,0.18283541666666664,0.0,200,0.172,0.1335,0.2125,0.0,0.027916666666666645
hybrid_raw,recall_any_at_k,200,0.26,0.2,0.32,0.0,200,0.31,0.245,0.375,0.0,0.04999999999999999
hybrid_raw,session_recall_at_k,200,0.1709166666666667,0.13383125,0.2105833333333333,0.0,200,0.20091666666666666,0.15916458333333333,0.2440020833333333,0.0,0.02999999999999997
hybrid_raw,latency_ms,200,0.0729744999989634,0.0723124874116365,0.07368649991940397,0.0727000006008893,200,0.07466699997166866,0.07366298746728712,0.07602456247514051,0.0738999997338396,0.0016924999727052636
hybrid_minmax,round_recall_at_k,200,0.40824999999999995,0.3567479166666666,0.46075000000000005,0.5,200,0.5300833333333332,0.47625,0.5830020833333333,0.5,0.1218333333333333
hybrid_minmax,recall_any_at_k,200,0.62,0.555,0.685,1.0,200,0.73,0.665,0.79,1.0,0.10999999999999999
hybrid_minmax,session_recall_at_k,200,0.5001666666666666,0.4484166666666667,0.5524187500000001,0.5,200,0.5843333333333334,0.532,0.6355875,0.5,0.08416666666666672
hybrid_minmax,latency_ms,200,0.0745205000384885,0.0733314624599188,0.07623001253841717,0.0733999995645717,200,0.07667200008654612,0.07527050010980924,0.07854858759492339,0.0756999997975071,0.002151500048057628
hybrid_rrf,round_recall_at_k,200,0.24908333333333332,0.20641666666666666,0.29283333333333333,0.0,200,0.40425,0.35391666666666666,0.45391666666666663,0.5,0.15516666666666667
hybrid_rrf,recall_any_at_k,200,0.45,0.38,0.52,0.0,200,0.64,0.57,0.705,1.0,0.19
hybrid_rrf,session_recall_at_k,200,0.3110833333333333,0.26666666666666666,0.35641666666666666,0.3333333333333333,200,0.46333333333333326,0.4150833333333334,0.5124166666666666,0.5,0.15224999999999994
hybrid_rrf,latency_ms,200,0.07455300002220606,0.07381648744672016,0.07537655006308337,0.0743000000511528,200,0.07632350007952478,0.07564197512988353,0.07704700000863336,0.076299998909235,0.0017705000573187135
