column,missing_count,missing_fraction
question_id,0,0.0
task_type,0,0.0
original_question_type,0,0.0
question_date,0,0.0
strategy,0,0.0
k,0,0.0
round_recall_at_k,0,0.0
recall_any_at_k,0,0.0
session_recall_at_k,0,0.0
recall_at_k,0,0.0
latency_ms,0,0.0
token_count,60,1.0
num_memories,0,0.0
num_relevant_rounds,0,0.0
num_gold_sessions,0,0.0
input_sorted_by_date,0,0.0
num_future_sessions_excluded,0,0.0
num_future_gold_sessions,0,0.0
num_same_day_later_sessions_retained,0,0.0
num_same_day_later_gold_sessions_retained,0,0.0
mean_memory_tokens_stella,0,0.0
max_memory_tokens_stella,0,0.0
num_memories_over_stella_limit,0,0.0
fraction_memories_over_stella_limit,0,0.0
semantic_score_mean_all,0,0.0
semantic_score_std_all,0,0.0
semantic_score_min_all,0,0.0
semantic_score_max_all,0,0.0
recency_score_mean_all,0,0.0
recency_score_std_all,0,0.0
recency_score_min_all,0,0.0
recency_score_max_all,0,0.0
retrieved_memory_ids,0,0.0
retrieved_session_ids,0,0.0
_source_file,0,0.0
