scope,task_type,metric,strategy_a,strategy_b,n_pairs,mean_difference_a_minus_b,bootstrap95_lo,bootstrap95_hi,wilcoxon_statistic,p_raw,p_holm
task,IE,round_recall_at_k,recency,semantic,5,-0.6,-1.0,-0.2,0.0,0.25,0.75
task,IE,round_recall_at_k,recency,hybrid,5,0.0,0.0,0.0,0.0,1.0,1.0
task,IE,round_recall_at_k,semantic,hybrid,5,0.6,0.2,1.0,0.0,0.25,0.75
task,IE,session_recall_at_k,recency,semantic,5,-0.6,-1.0,-0.2,0.0,0.25,0.75
task,IE,session_recall_at_k,recency,hybrid,5,0.0,0.0,0.0,0.0,1.0,1.0
task,IE,session_recall_at_k,semantic,hybrid,5,0.6,0.2,1.0,0.0,0.25,0.75
task,IE,latency_ms,recency,semantic,5,-34.477020000485936,-35.670620001110365,-33.28341999986151,0.0,0.0625,0.1875
task,IE,latency_ms,recency,hybrid,5,-34.653580000667716,-36.09452000055171,-33.21264000078372,0.0,0.0625,0.1875
task,IE,latency_ms,semantic,hybrid,5,-0.1765600001817816,-1.4809399996011052,1.6862599994055885,6.0,0.8125,0.8125
task,MR,round_recall_at_k,recency,semantic,5,-0.3333333333333333,-0.7,-0.03333333333333332,0.0,0.25,0.75
task,MR,round_recall_at_k,recency,hybrid,5,0.0,0.0,0.0,0.0,1.0,1.0
task,MR,round_recall_at_k,semantic,hybrid,5,0.3333333333333333,0.03333333333333332,0.7,0.0,0.25,0.75
task,MR,session_recall_at_k,recency,semantic,5,-0.76,-0.96,-0.5599999999999999,0.0,0.0625,0.1875
task,MR,session_recall_at_k,recency,hybrid,5,-0.04,-0.12000000000000002,0.0,0.0,1.0,1.0
task,MR,session_recall_at_k,semantic,hybrid,5,0.72,0.52,0.9199999999999999,0.0,0.0625,0.1875
task,MR,latency_ms,recency,semantic,5,-33.83785999903921,-34.50572000001557,-33.16999999806285,0.0,0.0625,0.1875
task,MR,latency_ms,recency,hybrid,5,-34.03419999995094,-35.6303000015032,-32.686579999062815,0.0,0.0625,0.1875
task,MR,latency_ms,semantic,hybrid,5,-0.1963400009117322,-1.964320000479347,1.499919998968835,6.0,0.8125,0.8125
task,KU,round_recall_at_k,recency,semantic,5,-0.6,-0.9,-0.3,0.0,0.125,0.375
task,KU,round_recall_at_k,recency,hybrid,5,-0.2,-0.4,0.0,0.0,0.5,0.5
task,KU,round_recall_at_k,semantic,hybrid,5,0.4,0.2,0.5,0.0,0.125,0.375
task,KU,session_recall_at_k,recency,semantic,5,-0.8,-1.0,-0.4,0.0,0.125,0.375
task,KU,session_recall_at_k,recency,hybrid,5,-0.2,-0.4,0.0,0.0,0.5,0.5
task,KU,session_recall_at_k,semantic,hybrid,5,0.6,0.3,0.9,0.0,0.125,0.375
task,KU,latency_ms,recency,semantic,5,-34.380700000110664,-35.98035999966669,-33.105860000432585,0.0,0.0625,0.1875
task,KU,latency_ms,recency,hybrid,5,-35.44771999986551,-36.427260000345996,-34.59609999990789,0.0,0.0625,0.1875
task,KU,latency_ms,semantic,hybrid,5,-1.0670199997548493,-2.1217599998635706,-0.012279999646128203,2.0,0.1875,0.1875
task,TR,round_recall_at_k,recency,semantic,5,-0.4,-0.7,-0.1,0.0,0.25,0.75
task,TR,round_recall_at_k,recency,hybrid,5,0.0,0.0,0.0,0.0,1.0,1.0
task,TR,round_recall_at_k,semantic,hybrid,5,0.4,0.1,0.7,0.0,0.25,0.75
task,TR,session_recall_at_k,recency,semantic,5,-0.65,-1.0,-0.25,0.0,0.125,0.375
task,TR,session_recall_at_k,recency,hybrid,5,-0.1,-0.3,0.0,0.0,1.0,1.0
task,TR,session_recall_at_k,semantic,hybrid,5,0.55,-0.05,1.0,2.0,0.1875,0.375
task,TR,latency_ms,recency,semantic,5,-35.114140000223415,-37.160279999443446,-33.34546000114642,0.0,0.0625,0.1875
task,TR,latency_ms,recency,hybrid,5,-35.167899999942165,-37.440480000077514,-32.88960000027146,0.0,0.0625,0.1875
task,TR,latency_ms,semantic,hybrid,5,-0.053759999718749896,-0.8846599997923477,0.8946000005380483,7.0,1.0,1.0
