scope,task_type,metric,strategy_a,strategy_b,n_pairs,a1_b0,a0_b1,n_discordant,paired_proportion_difference_a_minus_b,bootstrap95_lo,bootstrap95_hi,p_raw_exact_mcnemar,p_holm
task,IE,recall_any_at_k,recency,semantic,50,0,40,40,-0.8,-0.9,-0.68,1.8189894035458565e-12,1.8189894035458565e-11
task,IE,recall_any_at_k,recency,hybrid_raw,50,0,5,5,-0.1,-0.2,-0.02,0.0625,0.0625
task,IE,recall_any_at_k,recency,hybrid_minmax,50,0,26,26,-0.52,-0.66,-0.38,2.9802322387695312e-08,2.384185791015625e-07
task,IE,recall_any_at_k,recency,hybrid_rrf,50,0,18,18,-0.36,-0.5,-0.22,7.62939453125e-06,3.814697265625e-05
task,IE,recall_any_at_k,semantic,hybrid_raw,50,35,0,35,0.7,0.56,0.82,5.820766091346741e-11,5.238689482212067e-10
task,IE,recall_any_at_k,semantic,hybrid_minmax,50,14,0,14,0.28,0.16,0.4,0.0001220703125,0.00048828125
task,IE,recall_any_at_k,semantic,hybrid_rrf,50,22,0,22,0.44,0.3,0.58,4.76837158203125e-07,3.337860107421875e-06
task,IE,recall_any_at_k,hybrid_raw,hybrid_minmax,50,0,21,21,-0.42,-0.56,-0.28,9.5367431640625e-07,5.7220458984375e-06
task,IE,recall_any_at_k,hybrid_raw,hybrid_rrf,50,0,13,13,-0.26,-0.38,-0.14,0.000244140625,0.000732421875
task,IE,recall_any_at_k,hybrid_minmax,hybrid_rrf,50,8,0,8,0.16,0.06,0.26,0.0078125,0.015625
task,IE,answer_correct,recency,semantic,50,2,28,30,-0.52,-0.68,-0.36,8.67992639541626e-07,8.67992639541626e-06
task,IE,answer_correct,recency,hybrid_raw,50,1,6,7,-0.1,-0.2,0.0,0.125,0.375
task,IE,answer_correct,recency,hybrid_minmax,50,3,23,26,-0.4,-0.56,-0.24,8.797645568847656e-05,0.0007038116455078125
task,IE,answer_correct,recency,hybrid_rrf,50,4,13,17,-0.18,-0.34,-0.02,0.049041748046875,0.1961669921875
task,IE,answer_correct,semantic,hybrid_raw,50,23,2,25,0.42,0.26,0.58,1.9431114196777344e-05,0.0001748800277709961
task,IE,answer_correct,semantic,hybrid_minmax,50,9,3,12,0.12,-0.02,0.26,0.14599609375,0.375
task,IE,answer_correct,semantic,hybrid_rrf,50,19,2,21,0.34,0.18,0.5,0.00022125244140625,0.00154876708984375
task,IE,answer_correct,hybrid_raw,hybrid_minmax,50,3,18,21,-0.3,-0.46,-0.14,0.0014896392822265625,0.0074481964111328125
task,IE,answer_correct,hybrid_raw,hybrid_rrf,50,5,9,14,-0.08,-0.24,0.06,0.4239501953125,0.4239501953125
task,IE,answer_correct,hybrid_minmax,hybrid_rrf,50,11,0,11,0.22,0.12,0.34,0.0009765625,0.005859375
task,MR,recall_any_at_k,recency,semantic,50,0,41,41,-0.82,-0.92,-0.7,9.094947017729282e-13,9.094947017729282e-12
task,MR,recall_any_at_k,recency,hybrid_raw,50,0,14,14,-0.28,-0.42,-0.16,0.0001220703125,0.00048828125
task,MR,recall_any_at_k,recency,hybrid_minmax,50,0,32,32,-0.64,-0.76,-0.5,4.656612873077393e-10,4.190951585769653e-09
task,MR,recall_any_at_k,recency,hybrid_rrf,50,0,30,30,-0.6,-0.74,-0.46,1.862645149230957e-09,1.4901161193847656e-08
task,MR,recall_any_at_k,semantic,hybrid_raw,50,27,0,27,0.54,0.4,0.68,1.4901161193847656e-08,1.043081283569336e-07
task,MR,recall_any_at_k,semantic,hybrid_minmax,50,10,1,11,0.18,0.06,0.3,0.01171875,0.0234375
task,MR,recall_any_at_k,semantic,hybrid_rrf,50,12,1,13,0.22,0.1,0.36,0.00341796875,0.01025390625
task,MR,recall_any_at_k,hybrid_raw,hybrid_minmax,50,0,18,18,-0.36,-0.5,-0.24,7.62939453125e-06,4.57763671875e-05
task,MR,recall_any_at_k,hybrid_raw,hybrid_rrf,50,0,16,16,-0.32,-0.46,-0.2,3.0517578125e-05,0.000152587890625
task,MR,recall_any_at_k,hybrid_minmax,hybrid_rrf,50,2,0,2,0.04,0.0,0.1,0.5,0.5
task,MR,answer_correct,recency,semantic,50,6,17,23,-0.22,-0.4,-0.04,0.03468966484069824,0.3122069835662842
task,MR,answer_correct,recency,hybrid_raw,50,3,8,11,-0.1,-0.22,0.02,0.2265625,1.0
task,MR,answer_correct,recency,hybrid_minmax,50,4,9,13,-0.1,-0.24,0.04,0.266845703125,1.0
task,MR,answer_correct,recency,hybrid_rrf,50,4,5,9,-0.02,-0.14,0.1,1.0,1.0
task,MR,answer_correct,semantic,hybrid_raw,50,10,4,14,0.12,-0.02,0.26,0.1795654296875,1.0
task,MR,answer_correct,semantic,hybrid_minmax,50,10,4,14,0.12,-0.02,0.26,0.1795654296875,1.0
task,MR,answer_correct,semantic,hybrid_rrf,50,13,3,16,0.2,0.06,0.34,0.021270751953125,0.21270751953125
task,MR,answer_correct,hybrid_raw,hybrid_minmax,50,6,6,12,0.0,-0.14,0.14,1.0,1.0
task,MR,answer_correct,hybrid_raw,hybrid_rrf,50,7,3,10,0.08,-0.04,0.2,0.34375,1.0
task,MR,answer_correct,hybrid_minmax,hybrid_rrf,50,6,2,8,0.08,-0.02,0.18,0.2890625,1.0
task,KU,recall_any_at_k,recency,semantic,50,0,42,42,-0.84,-0.94,-0.72,4.547473508864641e-13,4.547473508864641e-12
task,KU,recall_any_at_k,recency,hybrid_raw,50,0,11,11,-0.22,-0.34,-0.12,0.0009765625,0.0029296875
task,KU,recall_any_at_k,recency,hybrid_minmax,50,0,32,32,-0.64,-0.78,-0.5,4.656612873077393e-10,4.190951585769653e-09
task,KU,recall_any_at_k,recency,hybrid_rrf,50,0,27,27,-0.54,-0.68,-0.4,1.4901161193847656e-08,1.043081283569336e-07
task,KU,recall_any_at_k,semantic,hybrid_raw,50,31,0,31,0.62,0.48,0.74,9.313225746154785e-10,7.450580596923828e-09
task,KU,recall_any_at_k,semantic,hybrid_minmax,50,10,0,10,0.2,0.1,0.32,0.001953125,0.00390625
task,KU,recall_any_at_k,semantic,hybrid_rrf,50,15,0,15,0.3,0.18,0.42,6.103515625e-05,0.000244140625
task,KU,recall_any_at_k,hybrid_raw,hybrid_minmax,50,0,21,21,-0.42,-0.56,-0.28,9.5367431640625e-07,5.7220458984375e-06
task,KU,recall_any_at_k,hybrid_raw,hybrid_rrf,50,0,16,16,-0.32,-0.44,-0.2,3.0517578125e-05,0.000152587890625
task,KU,recall_any_at_k,hybrid_minmax,hybrid_rrf,50,6,1,7,0.1,0.0,0.2,0.125,0.125
task,KU,answer_correct,recency,semantic,50,1,31,32,-0.6,-0.74,-0.44,1.5366822481155396e-08,1.5366822481155396e-07
task,KU,answer_correct,recency,hybrid_raw,50,0,10,10,-0.2,-0.32,-0.1,0.001953125,0.0091552734375
task,KU,answer_correct,recency,hybrid_minmax,50,0,25,25,-0.5,-0.64,-0.36,5.960464477539063e-08,5.364418029785156e-07
task,KU,answer_correct,recency,hybrid_rrf,50,1,23,24,-0.44,-0.58,-0.3,2.9802322387695312e-06,2.384185791015625e-05
task,KU,answer_correct,semantic,hybrid_raw,50,22,2,24,0.4,0.24,0.56,3.5881996154785156e-05,0.0002511739730834961
task,KU,answer_correct,semantic,hybrid_minmax,50,8,3,11,0.1,-0.02,0.24,0.2265625,0.453125
task,KU,answer_correct,semantic,hybrid_rrf,50,10,2,12,0.16,0.04,0.28,0.03857421875,0.11572265625
task,KU,answer_correct,hybrid_raw,hybrid_minmax,50,1,16,17,-0.3,-0.44,-0.16,0.000274658203125,0.00164794921875
task,KU,answer_correct,hybrid_raw,hybrid_rrf,50,1,13,14,-0.24,-0.38,-0.12,0.0018310546875,0.0091552734375
task,KU,answer_correct,hybrid_minmax,hybrid_rrf,50,5,2,7,0.06,-0.04,0.16,0.453125,0.453125
task,TR,recall_any_at_k,recency,semantic,50,0,42,42,-0.84,-0.94,-0.74,4.547473508864641e-13,4.547473508864641e-12
task,TR,recall_any_at_k,recency,hybrid_raw,50,0,12,12,-0.24,-0.36,-0.12,0.00048828125,0.001953125
task,TR,recall_any_at_k,recency,hybrid_minmax,50,0,34,34,-0.68,-0.8,-0.54,1.1641532182693481e-10,1.0477378964424133e-09
task,TR,recall_any_at_k,recency,hybrid_rrf,50,0,33,33,-0.66,-0.78,-0.52,2.3283064365386963e-10,1.862645149230957e-09
task,TR,recall_any_at_k,semantic,hybrid_raw,50,30,0,30,0.6,0.46,0.74,1.862645149230957e-09,1.30385160446167e-08
task,TR,recall_any_at_k,semantic,hybrid_minmax,50,8,0,8,0.16,0.06,0.26,0.0078125,0.0234375
task,TR,recall_any_at_k,semantic,hybrid_rrf,50,10,1,11,0.18,0.06,0.3,0.01171875,0.0234375
task,TR,recall_any_at_k,hybrid_raw,hybrid_minmax,50,0,22,22,-0.44,-0.58,-0.3,4.76837158203125e-07,2.86102294921875e-06
task,TR,recall_any_at_k,hybrid_raw,hybrid_rrf,50,0,21,21,-0.42,-0.56,-0.28,9.5367431640625e-07,4.76837158203125e-06
task,TR,recall_any_at_k,hybrid_minmax,hybrid_rrf,50,3,2,5,0.02,-0.06,0.1,1.0,1.0
task,TR,answer_correct,recency,semantic,50,2,25,27,-0.46,-0.62,-0.3,5.647540092468262e-06,5.0827860832214355e-05
task,TR,answer_correct,recency,hybrid_raw,50,1,1,2,0.0,-0.06,0.06,1.0,1.0
task,TR,answer_correct,recency,hybrid_minmax,50,1,10,11,-0.18,-0.3,-0.06,0.01171875,0.05859375
task,TR,answer_correct,recency,hybrid_rrf,50,2,9,11,-0.14,-0.26,-0.02,0.0654296875,0.1962890625
task,TR,answer_correct,semantic,hybrid_raw,50,24,1,25,0.46,0.32,0.6,1.5497207641601562e-06,1.5497207641601562e-05
task,TR,answer_correct,semantic,hybrid_minmax,50,17,3,20,0.28,0.12,0.44,0.0025768280029296875,0.018037796020507812
task,TR,answer_correct,semantic,hybrid_rrf,50,20,4,24,0.32,0.14,0.5,0.001543879508972168,0.012351036071777344
task,TR,answer_correct,hybrid_raw,hybrid_minmax,50,0,9,9,-0.18,-0.3,-0.08,0.00390625,0.0234375
task,TR,answer_correct,hybrid_raw,hybrid_rrf,50,1,8,9,-0.14,-0.26,-0.04,0.0390625,0.15625
task,TR,answer_correct,hybrid_minmax,hybrid_rrf,50,4,2,6,0.04,-0.04,0.14,0.6875,1.0
