k,strategy,metric,n,mean,mean_ci95_lo,mean_ci95_hi,median,median_ci95_lo,median_ci95_hi
5,recency,round_recall_at_k,200,0.0075,0.0,0.0175,0.0,0.0,0.0
5,recency,recall_any_at_k,200,0.015,0.0,0.035,0.0,0.0,0.0
5,recency,session_recall_at_k,200,0.02958333333333333,0.012916666666666665,0.04958333333333333,0.0,0.0,0.0
5,recency,latency_ms,200,0.020960000006198198,0.02012050004555017,0.021808512518873568,0.0173499997799808,0.0165999999808263,0.0207499997486593
5,semantic,round_recall_at_k,200,0.6520833333333332,0.5992458333333333,0.7049166666666667,0.6666666666666666,0.5,1.0
5,semantic,recall_any_at_k,200,0.835,0.785,0.885,1.0,1.0,1.0
5,semantic,session_recall_at_k,200,0.8278333333333333,0.7855833333333334,0.8675854166666666,1.0,1.0,1.0
5,semantic,latency_ms,200,0.0749850000647711,0.0743514875318851,0.07563350007222876,0.0748000002204207,0.0741000003472436,0.07589999995616376
5,hybrid_raw,round_recall_at_k,200,0.14925,0.113,0.18825,0.0,0.0,0.0
5,hybrid_raw,recall_any_at_k,200,0.275,0.215,0.34,0.0,0.0,0.0
5,hybrid_raw,session_recall_at_k,200,0.1709166666666667,0.13383125,0.2105833333333333,0.0,0.0,0.0
5,hybrid_raw,latency_ms,200,0.07474649991763722,0.07299648740348626,0.0771979999267955,0.07314999993468516,0.0725999998394399,0.07369999958086734
5,hybrid_minmax,round_recall_at_k,200,0.4105,0.3594979166666667,0.46391874999999994,0.5,0.3333333333333333,0.5
5,hybrid_minmax,recall_any_at_k,200,0.63,0.565,0.7,1.0,1.0,1.0
5,hybrid_minmax,session_recall_at_k,200,0.5101666666666667,0.45758333333333334,0.56341875,0.5,0.5,0.5
5,hybrid_minmax,latency_ms,200,0.07539949997408253,0.07407796250504356,0.07746153743880764,0.07479999976567335,0.07379999988188495,0.075200000537734
5,hybrid_rrf,round_recall_at_k,200,0.25133333333333335,0.20866458333333335,0.2943354166666666,0.0,0.0,0.25
5,hybrid_rrf,recall_any_at_k,200,0.46,0.39,0.53,0.0,0.0,1.0
5,hybrid_rrf,session_recall_at_k,200,0.3044166666666667,0.25908333333333333,0.34958749999999994,0.3333333333333333,0.0,0.5
5,hybrid_rrf,latency_ms,200,0.07557400000450794,0.07484648742661189,0.07633999995397285,0.0753999993321485,0.07420000018782952,0.0758999999561638
10,recency,round_recall_at_k,200,0.05625,0.0325,0.08333333333333331,0.0,0.0,0.0
10,recency,recall_any_at_k,200,0.1,0.06,0.145,0.0,0.0,0.0
10,recency,session_recall_at_k,200,0.06724999999999999,0.041833333333333333,0.09508333333333333,0.0,0.0,0.0
10,recency,latency_ms,200,0.020396500021888593,0.019606487514749867,0.021194500009300957,0.017500000012660152,0.0165999999808263,0.02025000003413875
10,semantic,round_recall_at_k,200,0.805,0.7616645833333334,0.8475,1.0,1.0,1.0
10,semantic,recall_any_at_k,200,0.925,0.885,0.96,1.0,1.0,1.0
10,semantic,session_recall_at_k,200,0.8926666666666666,0.8556666666666666,0.9264166666666666,1.0,1.0,1.0
10,semantic,latency_ms,200,0.07489250002436161,0.07419700004868442,0.07559952503322616,0.07429999914165811,0.073799999881885,0.0753000003896886
10,hybrid_raw,round_recall_at_k,200,0.17300000000000001,0.13391458333333334,0.21458333333333332,0.0,0.0,0.0
10,hybrid_raw,recall_any_at_k,200,0.31,0.245,0.375,0.0,0.0,0.0
10,hybrid_raw,session_recall_at_k,200,0.19674999999999998,0.15499791666666668,0.23924999999999996,0.0,0.0,0.0
10,hybrid_raw,latency_ms,200,0.07470000007060658,0.07406950004138929,0.07537151254422265,0.0743000000511528,0.0737000000299303,0.07499999992433
10,hybrid_minmax,round_recall_at_k,200,0.5210833333333333,0.46608333333333335,0.5751666666666666,0.5,0.5,0.5
10,hybrid_minmax,recall_any_at_k,200,0.72,0.655,0.78,1.0,1.0,1.0
10,hybrid_minmax,session_recall_at_k,200,0.5883333333333334,0.5352479166666667,0.6405854166666667,0.5,0.5,0.6333333333333333
10,hybrid_minmax,latency_ms,200,0.07642650002026126,0.075574974989081,0.0774445250405051,0.0756499998715298,0.0746999999137187,0.0764500005061563
10,hybrid_rrf,round_recall_at_k,200,0.40508333333333335,0.3539979166666667,0.45391666666666663,0.5,0.3666666666666667,0.5
10,hybrid_rrf,recall_any_at_k,200,0.64,0.57,0.705,1.0,1.0,1.0
10,hybrid_rrf,session_recall_at_k,200,0.46583333333333327,0.4165,0.5145833333333333,0.5,0.5,0.5
10,hybrid_rrf,latency_ms,200,0.07688800005780645,0.07616600002074843,0.07769902506811373,0.0765499999033636,0.07555000001957521,0.0774999998611747
