task_type,condition,n,n_correct,accuracy,accuracy_ci95_lo,accuracy_ci95_hi
IE,no_retrieval,50,2,0.04,0.0,0.1
IE,oracle,50,42,0.84,0.74,0.94
IE,recency_k5,50,2,0.04,0.0,0.1
IE,semantic_k5,50,32,0.64,0.5,0.78
IE,hybrid_raw_k5,50,10,0.2,0.1,0.32
IE,hybrid_minmax_k5,50,23,0.46,0.32,0.6
IE,hybrid_rrf_k5,50,10,0.2,0.1,0.32
IE,recency_k10,50,8,0.16,0.06,0.26
IE,semantic_k10,50,34,0.68,0.54,0.8
IE,hybrid_raw_k10,50,13,0.26,0.14,0.38
IE,hybrid_minmax_k10,50,28,0.56,0.42,0.7
IE,hybrid_rrf_k10,50,17,0.34,0.22,0.48
MR,no_retrieval,50,4,0.08,0.02,0.16
MR,oracle,50,29,0.58,0.44,0.72
MR,recency_k5,50,8,0.16,0.06,0.26
MR,semantic_k5,50,13,0.26,0.14,0.38
MR,hybrid_raw_k5,50,11,0.22,0.1,0.34
MR,hybrid_minmax_k5,50,9,0.18,0.08,0.3
MR,hybrid_rrf_k5,50,9,0.18,0.08,0.3
MR,recency_k10,50,6,0.12,0.04,0.22
MR,semantic_k10,50,17,0.34,0.22,0.48
MR,hybrid_raw_k10,50,11,0.22,0.12,0.34
MR,hybrid_minmax_k10,50,11,0.22,0.12,0.34
MR,hybrid_rrf_k10,50,7,0.14,0.06,0.24
KU,no_retrieval,50,0,0.0,0.0,0.0
KU,oracle,50,37,0.74,0.62,0.86
KU,recency_k5,50,3,0.06,0.0,0.14
KU,semantic_k5,50,30,0.6,0.46,0.74
KU,hybrid_raw_k5,50,15,0.3,0.18,0.42
KU,hybrid_minmax_k5,50,31,0.62,0.48,0.76
KU,hybrid_rrf_k5,50,25,0.5,0.36,0.64
KU,recency_k10,50,7,0.14,0.06,0.24
KU,semantic_k10,50,37,0.74,0.62,0.86
KU,hybrid_raw_k10,50,17,0.34,0.22,0.46
KU,hybrid_minmax_k10,50,32,0.64,0.5,0.76
KU,hybrid_rrf_k10,50,29,0.58,0.44,0.72
TR,no_retrieval,50,5,0.1,0.02,0.18
TR,oracle,50,36,0.72,0.6,0.84
TR,recency_k5,50,3,0.06,0.0,0.14
TR,semantic_k5,50,20,0.4,0.26,0.54
TR,hybrid_raw_k5,50,4,0.08,0.02,0.16
TR,hybrid_minmax_k5,50,8,0.16,0.06,0.26
TR,hybrid_rrf_k5,50,2,0.04,0.0,0.1
TR,recency_k10,50,3,0.06,0.0,0.14
TR,semantic_k10,50,26,0.52,0.38,0.66
TR,hybrid_raw_k10,50,3,0.06,0.0,0.14
TR,hybrid_minmax_k10,50,12,0.24,0.12,0.36
TR,hybrid_rrf_k10,50,10,0.2,0.1,0.32
