condition_a,condition_b,n_pairs,a1_b0,a0_b1,n_discordant,paired_accuracy_difference_a_minus_b,bootstrap95_lo,bootstrap95_hi,p_raw_exact_mcnemar,p_holm_all_condition_pairs
no_retrieval,oracle,200,5,138,143,-0.665,-0.735,-0.59,8.636411235831265e-35,5.700031415648635e-33
no_retrieval,recency_k5,200,9,14,23,-0.025,-0.075,0.02,0.4048728942871094,1.0
no_retrieval,semantic_k5,200,8,92,100,-0.42,-0.5,-0.34,3.208563668244003e-19,1.8288812908990817e-17
no_retrieval,hybrid_raw_k5,200,7,36,43,-0.145,-0.205,-0.085,8.963039363152348e-06,0.00024200206280511338
no_retrieval,hybrid_minmax_k5,200,10,70,80,-0.3,-0.375,-0.225,3.161290522649495e-12,1.4541936404187676e-10
no_retrieval,hybrid_rrf_k5,200,10,45,55,-0.175,-0.245,-0.105,2.0572645155203517e-06,5.96606709500902e-05
no_retrieval,recency_k10,200,9,22,31,-0.065,-0.12,-0.01,0.029449373483657837,0.26504436135292053
no_retrieval,semantic_k10,200,6,109,115,-0.515,-0.595,-0.435,1.4321082389149612e-25,9.022281905164256e-24
no_retrieval,hybrid_raw_k10,200,8,41,49,-0.165,-0.23,-0.1,1.9646537765538596e-06,5.893961329661579e-05
no_retrieval,hybrid_minmax_k10,200,6,78,84,-0.36,-0.435,-0.285,4.543102530270037e-17,2.45327536634582e-15
no_retrieval,hybrid_rrf_k10,200,9,61,70,-0.26,-0.335,-0.19,1.284387352739778e-10,5.5228656167810456e-09
oracle,recency_k5,200,135,7,142,0.64,0.56,0.715,7.514338779667388e-32,4.8843202067838025e-30
oracle,semantic_k5,200,65,16,81,0.245,0.165,0.325,3.641398627788796e-08,1.3109035060039665e-06
oracle,hybrid_raw_k5,200,114,10,124,0.52,0.435,0.6,1.6790570008398702e-23,1.0410153405207195e-21
oracle,hybrid_minmax_k5,200,83,10,93,0.365,0.285,0.445,1.848512223084717e-15,9.612263560040528e-14
oracle,hybrid_rrf_k5,200,109,11,120,0.49,0.405,0.57,1.938132755385024e-21,1.1434983256771642e-19
oracle,recency_k10,200,128,8,136,0.6,0.52,0.675,5.757003751733212e-29,3.6844824011092554e-27
oracle,semantic_k10,200,48,18,66,0.15,0.075,0.23,0.00028711844966164033,0.005455250543571166
oracle,hybrid_raw_k10,200,109,9,118,0.5,0.42,0.58,5.85515720264212e-23,3.513094321585272e-21
oracle,hybrid_minmax_k10,200,77,16,93,0.305,0.22,0.39,9.629776957272856e-11,4.2371018612000565e-09
oracle,hybrid_rrf_k10,200,90,9,99,0.405,0.325,0.485,6.053134256946273e-18,3.3897551838899127e-16
recency_k5,semantic_k5,200,8,87,95,-0.395,-0.475,-0.315,6.741612423029947e-18,3.7078868326664707e-16
recency_k5,hybrid_raw_k5,200,7,31,38,-0.12,-0.18,-0.065,0.00011616700794547796,0.002439507166855037
recency_k5,hybrid_minmax_k5,200,8,63,71,-0.275,-0.35,-0.2,1.0271364278048329e-11,4.622113925121748e-10
recency_k5,hybrid_rrf_k5,200,9,39,48,-0.15,-0.215,-0.085,1.5221826110689564e-05,0.0003957674788779287
recency_k5,recency_k10,200,8,16,24,-0.04,-0.09,0.005,0.15158963203430176,0.9095377922058105
recency_k5,semantic_k10,200,8,106,114,-0.49,-0.57,-0.41,5.722965936636594e-23,3.491009221348322e-21
recency_k5,hybrid_raw_k10,200,6,34,40,-0.14,-0.2,-0.085,8.364584573428147e-06,0.0002342083680559881
recency_k5,hybrid_minmax_k10,200,5,72,77,-0.335,-0.405,-0.265,2.8041083952368736e-16,1.486177449475543e-14
recency_k5,hybrid_rrf_k10,200,9,56,65,-0.235,-0.31,-0.165,2.049245302203524e-09,8.401905739034448e-08
semantic_k5,hybrid_raw_k5,200,72,17,89,0.275,0.19,0.36,3.172739019043594e-09,1.2373682174270017e-07
semantic_k5,hybrid_minmax_k5,200,40,16,56,0.12,0.05,0.195,0.001841554788492544,0.02762332182738816
semantic_k5,hybrid_rrf_k5,200,66,17,83,0.245,0.165,0.33,5.6029313850528654e-08,1.961025984768503e-06
semantic_k5,recency_k10,200,83,12,95,0.355,0.27,0.435,3.211393990185144e-14,1.5735830551907205e-12
semantic_k5,semantic_k10,200,16,35,51,-0.095,-0.165,-0.03,0.010973562899720513,0.10973562899720513
semantic_k5,hybrid_raw_k10,200,64,13,77,0.255,0.18,0.335,3.0236347515742237e-09,1.2094539006296895e-07
semantic_k5,hybrid_minmax_k10,200,32,20,52,0.06,-0.01,0.13,0.12634707581392135,0.8844295306974495
semantic_k5,hybrid_rrf_k10,200,49,17,66,0.16,0.085,0.235,0.0001014771231679886,0.0022324967096957493
hybrid_raw_k5,hybrid_minmax_k5,200,13,44,57,-0.155,-0.225,-0.085,4.7104376093953786e-05,0.0011776094023488446
hybrid_raw_k5,hybrid_rrf_k5,200,12,18,30,-0.03,-0.08,0.02,0.36159460805356514,1.0
hybrid_raw_k5,recency_k10,200,25,9,34,0.08,0.025,0.135,0.00904118549078703,0.09945304039865732
hybrid_raw_k5,semantic_k10,200,14,88,102,-0.37,-0.455,-0.285,2.7753876825225043e-14,1.3876938412612522e-12
hybrid_raw_k5,hybrid_raw_k10,200,12,16,28,-0.02,-0.07,0.03,0.5715881884098053,1.0
hybrid_raw_k5,hybrid_minmax_k10,200,12,55,67,-0.215,-0.29,-0.14,1.0273195443541004e-07,3.4928864508039412e-06
hybrid_raw_k5,hybrid_rrf_k10,200,16,39,55,-0.115,-0.185,-0.045,0.0026672623828598026,0.037341673360037235
hybrid_minmax_k5,hybrid_rrf_k5,200,32,7,39,0.125,0.07,0.185,7.025478407740593e-05,0.0016158600337803364
hybrid_minmax_k5,recency_k10,200,58,11,69,0.235,0.16,0.31,7.555829742748269e-09,2.8712153022443423e-07
hybrid_minmax_k5,semantic_k10,200,10,53,63,-0.215,-0.285,-0.145,3.382168502403561e-08,1.2514023458893176e-06
hybrid_minmax_k5,hybrid_raw_k10,200,38,11,49,0.135,0.07,0.2,0.00014197068519905542,0.0028394137039811085
hybrid_minmax_k5,hybrid_minmax_k10,200,9,21,30,-0.06,-0.115,-0.01,0.042773945257067694,0.34219156205654155
hybrid_minmax_k5,hybrid_rrf_k10,200,18,10,28,0.04,-0.01,0.09,0.1849333420395851,0.9246667101979256
hybrid_rrf_k5,recency_k10,200,32,10,42,0.11,0.05,0.175,0.0009406740282429382,0.015050784451887012
hybrid_rrf_k5,semantic_k10,200,13,81,94,-0.34,-0.425,-0.26,3.603774247253982e-13,1.7298116386819115e-11
hybrid_rrf_k5,hybrid_raw_k10,200,17,15,32,0.01,-0.045,0.065,0.860050065908581,1.0
hybrid_rrf_k5,hybrid_minmax_k10,200,8,45,53,-0.185,-0.25,-0.12,2.3683513772354559e-07,7.815559544877004e-06
hybrid_rrf_k5,hybrid_rrf_k10,200,9,26,35,-0.085,-0.14,-0.03,0.005988120567053557,0.07784556737169625
recency_k10,semantic_k10,200,11,101,112,-0.45,-0.535,-0.365,2.2625192243556117e-19,1.3122611501262548e-17
recency_k10,hybrid_raw_k10,200,5,25,30,-0.1,-0.155,-0.05,0.0003249142318964005,0.005848456174135209
recency_k10,hybrid_minmax_k10,200,8,67,75,-0.295,-0.37,-0.22,1.0098638262297781e-12,4.746359983279957e-11
recency_k10,hybrid_rrf_k10,200,11,50,61,-0.195,-0.27,-0.125,4.588831219506234e-07,1.4225376780469326e-05
semantic_k10,hybrid_raw_k10,200,79,9,88,0.35,0.27,0.43,4.152441283052301e-15,2.1177450543566734e-13
semantic_k10,hybrid_minmax_k10,200,44,13,57,0.155,0.085,0.225,4.7104376093953786e-05,0.0011776094023488446
semantic_k10,hybrid_rrf_k10,200,62,11,73,0.255,0.18,0.33,9.089007009078587e-10,3.8173829438130065e-08
hybrid_raw_k10,hybrid_minmax_k10,200,10,49,59,-0.195,-0.265,-0.125,2.706279703008907e-07,8.660095049628502e-06
hybrid_raw_k10,hybrid_rrf_k10,200,14,33,47,-0.095,-0.16,-0.03,0.007942726509483574,0.09531271811380289
hybrid_minmax_k10,hybrid_rrf_k10,200,26,6,32,0.1,0.05,0.155,0.0005350527353584766,0.009095896501094103
