strategy,k,recall_any_at_k,n,n_correct,answer_accuracy,answer_accuracy_ci95_lo,answer_accuracy_ci95_hi
hybrid_minmax,5,0,74,9,0.12162162162162163,0.05405405405405406,0.20270270270270271
hybrid_minmax,5,1,126,62,0.49206349206349204,0.40476190476190477,0.5793650793650794
hybrid_raw,5,0,145,15,0.10344827586206896,0.05517241379310345,0.15862068965517243
hybrid_raw,5,1,55,25,0.45454545454545453,0.32727272727272727,0.5818181818181818
hybrid_rrf,5,0,108,9,0.08333333333333333,0.037037037037037035,0.1388888888888889
hybrid_rrf,5,1,92,37,0.40217391304347827,0.30434782608695654,0.5
recency,5,0,197,15,0.07614213197969544,0.04060913705583756,0.1116751269035533
recency,5,1,3,1,0.3333333333333333,0.0,1.0
semantic,5,0,33,2,0.06060606060606061,0.0,0.15151515151515152
semantic,5,1,167,93,0.5568862275449101,0.47904191616766467,0.6287425149700598
hybrid_minmax,10,0,56,6,0.10714285714285714,0.03571428571428571,0.19642857142857142
hybrid_minmax,10,1,144,77,0.5347222222222222,0.4513888888888889,0.6180555555555556
hybrid_raw,10,0,138,14,0.10144927536231885,0.050724637681159424,0.15217391304347827
hybrid_raw,10,1,62,30,0.4838709677419355,0.3548387096774194,0.6129032258064516
hybrid_rrf,10,0,72,5,0.06944444444444445,0.013888888888888888,0.1388888888888889
hybrid_rrf,10,1,128,58,0.453125,0.3671875,0.5390625
recency,10,0,180,12,0.06666666666666667,0.03333333333333333,0.10555555555555556
recency,10,1,20,12,0.6,0.4,0.8
semantic,10,0,15,1,0.06666666666666667,0.0,0.2
semantic,10,1,185,113,0.6108108108108108,0.5405405405405406,0.6810810810810811
